Workbook

Sheet ⚠ 本次测量的效力边界
A1: 本表已填入 2026-08-11 实测数据，但自动判定结果不可采信。
A3: 为什么：本次探测的仪器本身是一个大的混淆因子。
A5: 两个方向相反、量级未知的偏差同时存在，且不会互相抵消：
A6: (1) 抽样框是 HF Daily Papers，一个策展feed，偏向可见度高的工作 —— 抬高复现率
A7: (2) 探测环境无 conda、无 download.pytorch.org、Python 版本固定为 3.11 —— 压低复现率
A9: 因此「结果 Results」表算出的 P(RL>=3)=0、P(RL>=1)=0 不是对世界的测量，
A10: 而是对本次探测环境的测量。决策规则「P(RL>=1) < 0.40 → 停建执行平面」本次并未被触发，
A11: 它仍然处于未评估状态。
A13: 本次唯一站得住的、与仪器无关的结论（见 FINDINGS.md §3）：
A14: · 20% 的论文（4/20）根本没有公开代码仓库
A15: · 已克隆仓库中 25%（4/16）全树搜索后没有任何依赖声明
A16: · 合计 40%（8/20）因产物自身原因根本无法开始复现 —— 这个数字与我的环境无关
... A20: 并按协议 §4 步骤 0 先做种子方差探测。build_frame.py 与 probe.py 均已交付。

Sheet 说明 Legend
A1: ResearchForge — 20 篇复现研究追踪表 v1.0
A3: 协议 | B3: REPRO_STUDY_PROTOCOL.md。开跑前请完整读完 §2（抽样）与 §6（决策规则）。
A5: 你要填的单元格 | B5: 蓝色字体 = 手工输入。黄色底 = 开跑前必须先定的关键参数。黑色字体 = 公式，不要改。
A6: 填写顺序 | B6: 1) 参数 Params 定死 → 2) 样本 Sample 冻结 → 3) 执行记录 Runs 逐篇填 → 4) 配对比对 Comparisons 填每条主结果 → 5) 结果 Results 自动算
A8: 最重要的一条 | B8: 样本抽出后即冻结。不要因为「这篇看起来太难」而替换 —— 那正是会把复现率系统性抬高、
B9: 让整个研究失去意义的操作。若确需替换，在 Sample 表记录理由，替换次数本身要单独报告。
A11: 第二重要的一条 | B11: 每篇先做步骤 0（3 个种子测自身方差）再定容差。跳过这步，高方差任务上的
B12: 「复现失败」判定是噪声，不是结论。
A14: RL 分级 | B14: RL0 未复现 / RL1 代码能跑 / RL2 缩小设置量级方向一致 / RL3 至少一个主结果在容差内 / RL4 主表多数条目在容差内
B15: 缩小设置的运行永远不能支撑 RL3 或 RL4。
A17: 两个臂 | B17: A = agent，4 小时时间盒，无人工干预；B = 人类工程师，8 小时上限，A 的 8 篇随机子集。
B18: B 臂执行者不得先看 A 臂日志。
A20: 样例行 | B20: Runs 与 Comparisons 各有一行灰色样例，展示期望格式。开始填真实数据前请删除这两行。

Sheet 参数 Params
A1: 参数 | B1: 值 | C1: 单位/取值 | D1: 说明
A2: A 臂时间盒 | B2: 4 | C2: 小时 | D2: 每篇论文 agent 的 wall-clock 上限，用尽即停并记录当时达到的 RL
A3: B 臂时间盒 | B3: 8 | C3: 小时 | D3: 人类工程师上限
A4: 样本量 n | B4: 20 | C4: 篇 | D4: n=20 的 95% 区间约 ±21pp；只支持粗粒度结论，见协议 §7
A5: B 臂样本量 | B5: 8 | C5: 篇 | D5: A 臂的随机子集
A6: 抽样种子 | B6: 20260811 | C6: 整数 | D6: 写死并记录；样本冻结后不得重抽
A7: 方差探测种子数 | B7: 3 | C7: 次 | D7: 步骤 0：同一实验换随机种子重复的次数
A8: 容差下限（相对） | B8: 0.02 | C8: 比例 | D8: 容差 = MAX(论文报告方差, 实测标准差×2, 本值)
A9: 容差倍数 | B9: 2 | C9: × | D9: 实测标准差的乘数
A10: Wilson z | B10: 1.96 | C10: — | D10: 95% 置信区间
A11: 决策阈值 P(RL>=3) 高 | B11: 0.3 | C11: 比例 | D11: ≥ 此值：按现设计推进，CM_MEASURED 为主路径
A12: 决策阈值 P(RL>=3) 低 | B12: 0.15 | C12: 比例 | D12: 低于此值且 P(RL>=1)≥0.40：放弃「超越报告数值」为主要卖点
A13: 决策阈值 P(RL>=1) | B13: 0.4 | C13: 比例 | D13: 低于此值：停止建执行平面
A14: 边界重抽带宽 | B14: 0.02 | C14: 比例 | D14: 若 P(RL>=3) 落在阈值 ±此值内，追加 20 篇再决策，不要硬判

Sheet 样本 Sample
A1: 序号 | B1: paper_id | C1: 标题 | D1: 论文 URL | E1: 代码 URL | F1: 代码可得性 | G1: 计算量层 | H1: 仓库最后提交 | I1: Star 数 | J1: README 有复现章节 | K1: 有依赖锁文件 | L1: 是否替换 | M1: 替换理由
A2: 1 | B2: iclr25-0042 | C2: (样例) Efficient X for Y | D2: https://openreview.net/forum?id=... | E2: https://github.com/org/repo | F2: official | G2: lt10min | H2: 2025-03-11 | I2: 412 | J2: 是 | K2: 是 | L2: 否
A3: 1 | B3: 2510.03561 | C3: Reactive Transformer (RxT) | D3: https://arxiv.org/abs/2510.03561 | E3: https://github.com/RxAI-dev/rxlm | F3: official | G3: lt10min | H3: 2026-05-27 | I3: 25 | J3: 是 | K3: 否 | L3: 否
A4: 2 | B4: 2510.11391 | C4: DocReward | D4: https://arxiv.org/abs/2510.11391 | E4: NONE | F4: none | G4: lt10min | I4: 0 | J4: 否 | K4: 否 | L4: 否
A5: 3 | B5: 2511.06194 | C5: NURBGen | D5: https://arxiv.org/abs/2511.06194 | E5: https://github.com/SadilKhan/NURBGen | F5: official | G5: lt10min | H5: 2026-04-21 | I5: 0 | J5: 是 | K5: 是 | L5: 否
A6: 4 | B6: 2510.17509 | C6: Annotation-Efficient Universal Honesty Alignment | D6: https://arxiv.org/abs/2510.17509 | E6: https://github.com/Trustworthy-Information-Access/Annotation-Efficient-Universal-Honesty-Alignment | F6: official | G6: lt10min | H6: 2026-04-09 | I6: 10 | J6: 是 | K6: 是 | L6: 否
A7: 5 | B7: 2512.18184 | C7: Is There a Better Source Distribution than Gaussian | D7: https://arxiv.org/abs/2512.18184 | E7: https://github.com/kwanseokk/SourceFM | F7: official | G7: lt10min | H7: 2025-12-30 | I7: 17 | J7: 是 | K7: 否 | L7: 否
A8: 6 | B8: 2511.06209 | C8: Reasoning with Confidence | D8: https://arxiv.org/abs/2511.06209 | E8: NONE | F8: none | G8: lt10min | I8: 0 | J8: 否 | K8: 否 | L8: 否
A9: 7 | B9: 2511.07327 | C9: IterResearch | D9: https://arxiv.org/abs/2511.07327 | E9: NONE | F9: none | G9: lt10min | I9: 0 | J9: 否 | K9: 否 | L9: 否
A10: 8 | B10: 2512.19432 | C10: MobileWorld | D10: https://arxiv.org/abs/2512.19432 | E10: https://github.com/Tongyi-MAI/MobileWorld | F10: official | G10: lt10min | H10: 2026-08-04 | I10: 254 | J10: 是 | K10: 是 | L10: 否
A11: 9 | B11: 2510.09285 | C11: Spotlight on Token Perception for Multimodal RL | D11: https://arxiv.org/abs/2510.09285 | E11: https://github.com/huaixuheqing/VPPO-RL | F11: official | G11: lt10min | H11: 2026-04-03 | I11: 73 | J11: 是 | K11: 是 | L11: 否
A12: 10 | B12: 2511.13288 | C12: Multi-Agent Deep Research with M-GRPO | D12: https://arxiv.org/abs/2511.13288 | E12: https://github.com/AQ-MedAI/MrlX | F12: official | G12: lt10min | H12: 2026-01-19 | I12: 220 | J12: 否 | K12: 否 | L12: 否
A13: 11 | B13: 2511.12609 | C13: Uni-MoE-2.0-Omni | D13: https://arxiv.org/abs/2511.12609 | E13: https://github.com/HITsz-TMG/Uni-MoE | F13: official | G13: lt10min | H13: 2026-08-06 | I13: 1114 | J13: 否 | K13: 否 | L13: 否
A14: 12 | B14: 2512.13080 | C14: Spatial-Aware VLA Pretraining | D14: https://arxiv.org/abs/2512.13080 | E14: https://github.com/BeingBeyond/VIPA-VLA | F14: official | G14: lt10min | H14: 2025-12-16 | I14: 26 | J14: 否 | K14: 否 | L14: 否
A15: 13 | B15: 2511.07250 | C15: MVU-Eval | D15: https://arxiv.org/abs/2511.07250 | E15: https://github.com/NJU-LINK/MVU-Eval | F15: official | G15: lt10min | H15: 2025-11-11 | I15: 18 | J15: 否 | K15: 否 | L15: 否
A16: 14 | B16: 2512.13604 | C16: LongVie 2 | D16: https://arxiv.org/abs/2512.13604 | E16: https://github.com/Vchitect/LongVie | F16: official | G16: lt10min | H16: 2026-01-25 | I16: 335 | J16: 是 | K16: 是 | L16: 否
A17: 15 | B17: 2511.01678 | C17: UniLumos | D17: https://arxiv.org/abs/2511.01678 | E17: https://github.com/alibaba-damo-academy/Lumos-Custom | F17: official | G17: lt10min | H17: 2026-06-29 | I17: 220 | J17: 否 | K17: 否 | L17: 否
A18: 16 | B18: 2510.11696 | C18: QeRL: Quantization-enhanced Reinforcement Learning for LLMs | D18: https://arxiv.org/abs/2510.11696 | E18: https://github.com/NVlabs/QeRL | F18: official | G18: lt10min | H18: 2026-03-30 | I18: 513 | J18: 是 | K18: 是 | L18: 否
A19: 17 | B19: 2510.23052 | C19: Knocking-Heads Attention | D19: https://arxiv.org/abs/2510.23052 | E19: NONE | F19: none | G19: lt10min | I19: 0 | J19: 否 | K19: 否 | L19: 否
A20: 18 | B20: 2510.11652 | C20: ACADREASON | D20: https://arxiv.org/abs/2510.11652 | E20: https://github.com/OPPO-PersonalAI/Acadreason-benchmark | F20: official | G20: lt10min | H20: 2025-10-20 | I20: 3 | J20: 是 | K20: 是 | L20: 否
A21: 19 | B21: 2512.09636 | C21: MentraSuite | D21: https://arxiv.org/abs/2512.09636 | E21: https://github.com/elsa66666/MentraSuite | F21: official | G21: lt10min | H21: 2025-12-16 | I21: 17 | J21: 否 | K21: 是 | L21: 否
A22: 20 | B22: 2511.17803 | C22: Pillar-0 | D22: https://arxiv.org/abs/2511.17803 | E22: https://github.com/YalaLab/pillar-pretrain | F22: official | G22: lt10min | H22: 2025-11-20 | I22: 39 | J22: 否 | K22: 是 | L22: 否

Sheet 执行记录 Runs
A1: 序号 | B1: paper_id | C1: 臂 | D1: 达到 RL | E1: RL 数值 | F1: 耗时(分钟) | G1: 时间盒用尽 | H1: 步骤0 已做 | I1: 实测标准差 | J1: 采用容差 | K1: 失败码1 | L1: 失败码2 | M1: 失败码3 | N1: 卡住的那一步(一句话) | O1: 环境摘要 | P1: A臂耗时(辅助)
A2: 1 | B2: iclr25-0042 | C2: A | D2: RL1 | E2: =IFERROR(MATCH(D2,{"RL0";"RL1";"RL2";"RL3";"RL4"},0)-1,"") -> 1 | F2: 214 | G2: 否 | H2: 是 | I2: 0.031 | J2: 0.062 | K2: NUMBERS_DIVERGE | N2: 主表用了未在论文中说明的数据增强 | O2: sha256:9f2c… / cu12.4 | P2: =IF(C2="A",F2,"") -> 214
A3: 1 | B3: 2510.03561 | C3: A | D3: RL0 | E3: =IFERROR(MATCH(D3,{"RL0";"RL1";"RL2";"RL3";"RL4"},0)-1,"") -> 0 | F3: 0.04 | G3: 否 | H3: 否 | K3: DEPENDENCY_UNRESOLVABLE | N3: no dependency specification of any kind; the environment cannot be reconstructed from the repository alone | O3: 0bcebdf060a0 | P3: =IF(C3="A",F3,"") -> 0.04
A4: 2 | B4: 2510.11391 | C4: A | D4: RL0 | E4: =IFERROR(MATCH(D4,{"RL0";"RL1";"RL2";"RL3";"RL4"},0)-1,"") -> 0 | F4: 0 | G4: 否 | H4: 否 | K4: NO_CODE | N4: the paper announced no public repository | P4: =IF(C4="A",F4,"") -> 0
A5: 3 | B5: 2511.06194 | C5: A | D5: RL0 | E5: =IFERROR(MATCH(D5,{"RL0";"RL1";"RL2";"RL3";"RL4"},0)-1,"") -> 0 | F5: 0.05 | G5: 否 | H5: 否 | K5: DEPENDENCY_UNRESOLVABLE | N5: dependency spec is not pip-resolvable in this environment | O5: 62855d4b2580 | P5: =IF(C5="A",F5,"") -> 0.05
A6: 4 | B6: 2510.17509 | C6: A | D6: RL0 | E6: =IFERROR(MATCH(D6,{"RL0";"RL1";"RL2";"RL3";"RL4"},0)-1,"") -> 0 | F6: 0.38 | G6: 否 | H6: 否 | K6: DEPENDENCY_UNRESOLVABLE | N6: declared dependencies do not resolve; the environment cannot be built, so the entry point was never reachable | O6: c0584890058b | P6: =IF(C6="A",F6,"") -> 0.38
A7: 5 | B7: 2512.18184 | C7: A | D7: RL0 | E7: =IFERROR(MATCH(D7,{"RL0";"RL1";"RL2";"RL3";"RL4"},0)-1,"") -> 0 | F7: 0.03 | G7: 否 | H7: 否 | K7: CONFIG_AMBIGUOUS | N7: no dependency specification of any kind; the environment cannot be reconstructed from the repository alone | O7: dcd88eb4c4a4 | P7: =IF(C7="A",F7,"") -> 0.03
A8: 6 | B8: 2511.06209 | C8: A | D8: RL0 | E8: =IFERROR(MATCH(D8,{"RL0";"RL1";"RL2";"RL3";"RL4"},0)-1,"") -> 0 | F8: 0 | G8: 否 | H8: 否 | K8: NO_CODE | N8: the paper announced no public repository | P8: =IF(C8="A",F8,"") -> 0
A9: 7 | B9: 2511.07327 | C9: A | D9: RL0 | E9: =IFERROR(MATCH(D9,{"RL0";"RL1";"RL2";"RL3";"RL4"},0)-1,"") -> 0 | F9: 0 | G9: 否 | H9: 否 | K9: NO_CODE | N9: the paper announced no public repository | P9: =IF(C9="A",F9,"") -> 0
A10: 8 | B10: 2512.19432 | C10: A | D10: RL0 | E10: =IFERROR(MATCH(D10,{"RL0";"RL1";"RL2";"RL3";"RL4"},0)-1,"") -> 0 | F10: 0.3 | G10: 否 | H10: 否 | K10: DEPENDENCY_UNRESOLVABLE | N10: declared dependencies do not resolve; the environment cannot be built, so the entry point was never reachable | O10: 0dcd0980eac6 | P10: =IF(C10="A",F10,"") -> 0.3
A11: 9 | B11: 2510.09285 | C11: A | D11: RL0 | E11: =IFERROR(MATCH(D11,{"RL0";"RL1";"RL2";"RL3";"RL4"},0)-1,"") -> 0 | F11: 0.08 | G11: 否 | H11: 否 | K11: DEPENDENCY_UNRESOLVABLE | N11: declared dependencies do not resolve; the environment cannot be built, so the entry point was never reachable | O11: a23c54b83565 | P11: =IF(C11="A",F11,"") -> 0.08
A12: 10 | B12: 2511.13288 | C12: A | D12: RL0 | E12: =IFERROR(MATCH(D12,{"RL0";"RL1";"RL2";"RL3";"RL4"},0)-1,"") -> 0 | F12: 0.03 | G12: 否 | H12: 否 | K12: CONFIG_AMBIGUOUS | N12: no dependency specification of any kind; the environment cannot be reconstructed from the repository alone | O12: 0d0478832564 | P12: =IF(C12="A",F12,"") -> 0.03
A13: 11 | B13: 2511.12609 | C13: A | D13: RL0 | E13: =IFERROR(MATCH(D13,{"RL0";"RL1";"RL2";"RL3";"RL4"},0)-1,"") -> 0 | F13: 0.15 | G13: 否 | H13: 否 | K13: DEPENDENCY_UNRESOLVABLE | N13: no dependency specification of any kind; the environment cannot be reconstructed from the repository alone | O13: 6f18a7aedfdc | P13: =IF(C13="A",F13,"") -> 0.15
A14: 12 | B14: 2512.13080 | C14: A | D14: RL0 | E14: =IFERROR(MATCH(D14,{"RL0";"RL1";"RL2";"RL3";"RL4"},0)-1,"") -> 0 | F14: 0.05 | G14: 否 | H14: 否 | K14: CONFIG_AMBIGUOUS | N14: no dependency specification of any kind; the environment cannot be reconstructed from the repository alone | O14: 33e9e48b2a69 | P14: =IF(C14="A",F14,"") -> 0.05
A15: 13 | B15: 2511.07250 | C15: A | D15: RL0 | E15: =IFERROR(MATCH(D15,{"RL0";"RL1";"RL2";"RL3";"RL4"},0)-1,"") -> 0 | F15: 0.03 | G15: 否 | H15: 否 | K15: CONFIG_AMBIGUOUS | N15: no dependency specification of any kind; the environment cannot be reconstructed from the repository alone | O15: a5937adea78e | P15: =IF(C15="A",F15,"") -> 0.03
A16: 14 | B16: 2512.13604 | C16: A | D16: RL0 | E16: =IFERROR(MATCH(D16,{"RL0";"RL1";"RL2";"RL3";"RL4"},0)-1,"") -> 0 | F16: 2.87 | G16: 否 | H16: 否 | K16: HARDWARE_UNAVAILABLE | N16: dependencies resolve, so the environment is constructible — but the entry point was not executed (no GPU, no dataset egress). This is RL0 by the protocol's definition: 'not reprodu | O16: 8740d2ee0724 | P16: =IF(C16="A",F16,"") -> 2.87
A17: 15 | B17: 2511.01678 | C17: A | D17: RL0 | E17: =IFERROR(MATCH(D17,{"RL0";"RL1";"RL2";"RL3";"RL4"},0)-1,"") -> 0 | F17: 0.65 | G17: 否 | H17: 否 | K17: DEPENDENCY_UNRESOLVABLE | N17: no dependency specification of any kind; the environment cannot be reconstructed from the repository alone | O17: cb3e40916c8b | P17: =IF(C17="A",F17,"") -> 0.65
A18: 16 | B18: 2510.11696 | C18: A | D18: RL0 | E18: =IFERROR(MATCH(D18,{"RL0";"RL1";"RL2";"RL3";"RL4"},0)-1,"") -> 0 | F18: 2.71 | G18: 否 | H18: 否 | K18: HARDWARE_UNAVAILABLE | N18: dependencies resolve, so the environment is constructible — but the entry point was not executed (no GPU, no dataset egress). This is RL0 by the protocol's definition: 'not reprodu | O18: 31e86dba3da3 | P18: =IF(C18="A",F18,"") -> 2.71
A19: 17 | B19: 2510.23052 | C19: A | D19: RL0 | E19: =IFERROR(MATCH(D19,{"RL0";"RL1";"RL2";"RL3";"RL4"},0)-1,"") -> 0 | F19: 0 | G19: 否 | H19: 否 | K19: NO_CODE | N19: the paper announced no public repository | P19: =IF(C19="A",F19,"") -> 0
A20: 18 | B20: 2510.11652 | C20: A | D20: RL0 | E20: =IFERROR(MATCH(D20,{"RL0";"RL1";"RL2";"RL3";"RL4"},0)-1,"") -> 0 | F20: 0.08 | G20: 否 | H20: 否 | K20: DATA_UNAVAILABLE | N20: dependencies resolve, so the environment is constructible — but the entry point was not executed (no GPU, no dataset egress). This is RL0 by the protocol's definition: 'not reprodu | O20: 829a311174b8 | P20: =IF(C20="A",F20,"") -> 0.08
A21: 19 | B21: 2512.09636 | C21: A | D21: RL0 | E21: =IFERROR(MATCH(D21,{"RL0";"RL1";"RL2";"RL3";"RL4"},0)-1,"") -> 0 | F21: 0.04 | G21: 否 | H21: 否 | K21: DEPENDENCY_UNRESOLVABLE | N21: declared dependencies do not resolve; the environment cannot be built, so the entry point was never reachable | O21: e1619fdf51af | P21: =IF(C21="A",F21,"") -> 0.04
A22: 20 | B22: 2511.17803 | C22: A | D22: RL0 | E22: =IFERROR(MATCH(D22,{"RL0";"RL1";"RL2";"RL3";"RL4"},0)-1,"") -> 0 | F22: 0.18 | G22: 否 | H22: 否 | K22: DEPENDENCY_UNRESOLVABLE | N22: declared dependencies do not resolve; the environment cannot be built, so the entry point was never reachable | O22: ab06083ac0d3 | P22: =IF(C22="A",F22,"") -> 0.18
A23: 21 | E23: =IFERROR(MATCH(D23,{"RL0";"RL1";"RL2";"RL3";"RL4"},0)-1,"") | P23: =IF(C23="A",F23,"")
A24: 22 | E24: =IFERROR(MATCH(D24,{"RL0";"RL1";"RL2";"RL3";"RL4"},0)-1,"") | P24: =IF(C24="A",F24,"")
A25: 23 | E25: =IFERROR(MATCH(D25,{"RL0";"RL1";"RL2";"RL3";"RL4"},0)-1,"") | P25: =IF(C25="A",F25,"")
A26: 24 | E26: =IFERROR(MATCH(D26,{"RL0";"RL1";"RL2";"RL3";"RL4"},0)-1,"") | P26: =IF(C26="A",F26,"")
A27: 25 | E27: =IFERROR(MATCH(D27,{"RL0";"RL1";"RL2";"RL3";"RL4"},0)-1,"") | P27: =IF(C27="A",F27,"")
A28: 26 | E28: =IFERROR(MATCH(D28,{"RL0";"RL1";"RL2";"RL3";"RL4"},0)-1,"") | P28: =IF(C28="A",F28,"")
A29: 27 | E29: =IFERROR(MATCH(D29,{"RL0";"RL1";"RL2";"RL3";"RL4"},0)-1,"") | P29: =IF(C29="A",F29,"")
A30: 28 | E30: =IFERROR(MATCH(D30,{"RL0";"RL1";"RL2";"RL3";"RL4"},0)-1,"") | P30: =IF(C30="A",F30,"")

Sheet 配对比对 Comparisons
A1: 序号 | B1: paper_id | C1: 臂 | D1: claim_id | E1: 论文中位置 locator | F1: 指标 | G1: 论文报告值 | H1: 本地实测值 | I1: 相对偏差 | J1: 采用容差 | K1: 判定 | L1: run_id
A2: 1 | B2: iclr25-0042 | C2: A | D2: C-01 | E2: Table 2, row 3, col GLUE-avg | F2: accuracy | G2: 0.842 | H2: 0.799 | I2: =IFERROR(ABS(H2-G2)/G2,"") -> 0.051068884 | J2: 0.062 | K2: =IF(OR(G2="",H2=""),"NOT_ATTEMPTED",IF(I2<=J2,"MATCH","DIVERGE")) -> MATCH | L2: run-0042-a-03
A3: 1 | I3: =IFERROR(ABS(H3-G3)/G3,"") | K3: =IF(OR(G3="",H3=""),"NOT_ATTEMPTED",IF(I3<=J3,"MATCH","DIVERGE")) -> NOT_ATTEMPTED
A4: 2 | I4: =IFERROR(ABS(H4-G4)/G4,"") | K4: =IF(OR(G4="",H4=""),"NOT_ATTEMPTED",IF(I4<=J4,"MATCH","DIVERGE")) -> NOT_ATTEMPTED
A5: 3 | I5: =IFERROR(ABS(H5-G5)/G5,"") | K5: =IF(OR(G5="",H5=""),"NOT_ATTEMPTED",IF(I5<=J5,"MATCH","DIVERGE")) -> NOT_ATTEMPTED
A6: 4 | I6: =IFERROR(ABS(H6-G6)/G6,"") | K6: =IF(OR(G6="",H6=""),"NOT_ATTEMPTED",IF(I6<=J6,"MATCH","DIVERGE")) -> NOT_ATTEMPTED
A7: 5 | I7: =IFERROR(ABS(H7-G7)/G7,"") | K7: =IF(OR(G7="",H7=""),"NOT_ATTEMPTED",IF(I7<=J7,"MATCH","DIVERGE")) -> NOT_ATTEMPTED
A8: 6 | I8: =IFERROR(ABS(H8-G8)/G8,"") | K8: =IF(OR(G8="",H8=""),"NOT_ATTEMPTED",IF(I8<=J8,"MATCH","DIVERGE")) -> NOT_ATTEMPTED
A9: 7 | I9: =IFERROR(ABS(H9-G9)/G9,"") | K9: =IF(OR(G9="",H9=""),"NOT_ATTEMPTED",IF(I9<=J9,"MATCH","DIVERGE")) -> NOT_ATTEMPTED
A10: 8 | I10: =IFERROR(ABS(H10-G10)/G10,"") | K10: =IF(OR(G10="",H10=""),"NOT_ATTEMPTED",IF(I10<=J10,"MATCH","DIVERGE")) -> NOT_ATTEMPTED
A11: 9 | I11: =IFERROR(ABS(H11-G11)/G11,"") | K11: =IF(OR(G11="",H11=""),"NOT_ATTEMPTED",IF(I11<=J11,"MATCH","DIVERGE")) -> NOT_ATTEMPTED
A12: 10 | I12: =IFERROR(ABS(H12-G12)/G12,"") | K12: =IF(OR(G12="",H12=""),"NOT_ATTEMPTED",IF(I12<=J12,"MATCH","DIVERGE")) -> NOT_ATTEMPTED
A13: 11 | I13: =IFERROR(ABS(H13-G13)/G13,"") | K13: =IF(OR(G13="",H13=""),"NOT_ATTEMPTED",IF(I13<=J13,"MATCH","DIVERGE")) -> NOT_ATTEMPTED
A14: 12 | I14: =IFERROR(ABS(H14-G14)/G14,"") | K14: =IF(OR(G14="",H14=""),"NOT_ATTEMPTED",IF(I14<=J14,"MATCH","DIVERGE")) -> NOT_ATTEMPTED
... A62: 60 | I62: =IFERROR(ABS(H62-G62)/G62,"") | K62: =IF(OR(G62="",H62=""),"NOT_ATTEMPTED",IF(I62<=J62,"MATCH","DIVERGE")) -> NOT_ATTEMPTED

Sheet 结果 Results
A1: 结果（全部为公式，勿手改）
A2: A 臂 = agent，B 臂 = 人类。区间为 Wilson 95%（小样本比例下不要用正态近似）。
A4: RL 分布
B5: A 臂 计数 | C5: A 臂 占比 | D5: B 臂 计数 | E5: B 臂 占比
A6: RL0 | B6: =COUNTIFS('执行记录 Runs'!$C$3:$C$30,"A",'执行记录 Runs'!$D$3:$D$30,"RL0") -> 20 | C6: =IFERROR(B6/$B$11,"") -> 1 | D6: =COUNTIFS('执行记录 Runs'!$C$3:$C$30,"B",'执行记录 Runs'!$D$3:$D$30,"RL0") -> 0 | E6: =IFERROR(D6/$D$11,"")
A7: RL1 | B7: =COUNTIFS('执行记录 Runs'!$C$3:$C$30,"A",'执行记录 Runs'!$D$3:$D$30,"RL1") -> 0 | C7: =IFERROR(B7/$B$11,"") -> 0 | D7: =COUNTIFS('执行记录 Runs'!$C$3:$C$30,"B",'执行记录 Runs'!$D$3:$D$30,"RL1") -> 0 | E7: =IFERROR(D7/$D$11,"")
A8: RL2 | B8: =COUNTIFS('执行记录 Runs'!$C$3:$C$30,"A",'执行记录 Runs'!$D$3:$D$30,"RL2") -> 0 | C8: =IFERROR(B8/$B$11,"") -> 0 | D8: =COUNTIFS('执行记录 Runs'!$C$3:$C$30,"B",'执行记录 Runs'!$D$3:$D$30,"RL2") -> 0 | E8: =IFERROR(D8/$D$11,"")
A9: RL3 | B9: =COUNTIFS('执行记录 Runs'!$C$3:$C$30,"A",'执行记录 Runs'!$D$3:$D$30,"RL3") -> 0 | C9: =IFERROR(B9/$B$11,"") -> 0 | D9: =COUNTIFS('执行记录 Runs'!$C$3:$C$30,"B",'执行记录 Runs'!$D$3:$D$30,"RL3") -> 0 | E9: =IFERROR(D9/$D$11,"")
A10: RL4 | B10: =COUNTIFS('执行记录 Runs'!$C$3:$C$30,"A",'执行记录 Runs'!$D$3:$D$30,"RL4") -> 0 | C10: =IFERROR(B10/$B$11,"") -> 0 | D10: =COUNTIFS('执行记录 Runs'!$C$3:$C$30,"B",'执行记录 Runs'!$D$3:$D$30,"RL4") -> 0 | E10: =IFERROR(D10/$D$11,"")
A11: 合计 n | B11: =COUNTIFS('执行记录 Runs'!$C$3:$C$30,"A") -> 20 | D11: =COUNTIFS('执行记录 Runs'!$C$3:$C$30,"B") -> 0
A14: 关键比例与 Wilson 95% 区间
B15: 点估计 | C15: 下限 | D15: 上限 | E15: n | G15: 解读
A16: P(RL>=3) A 臂 | B16: =IFERROR(COUNTIFS('执行记录 Runs'!$C$3:$C$30,"A",'执行记录 Runs'!$E$3:$E$30,">=3")/B11,"") -> 0 | C16: =IFERROR(((B16+'参数 Params'!$B$10^2/(2*B11))-'参数 Params'!$B$10*SQRT((B16*(1-B16)+'参数 Params'!$B$10^2/(4*B11))/B11))/(1+'参数 Params'!$B$10^2/B11),"") -> 0 | D16: =IFERROR(((B16+'参数 Params'!$B$10^2/(2*B11))+'参数 Params'!$B$10*SQRT((B16*(1-B16)+'参数 Params'!$B$10^2/(4*B11))/B11))/(1+'参数 Params'!$B$10^2/B11),"") -> 0.16113013 | E16: =B11 -> 20 | G16: 决定 CM_MEASURED 能覆盖多少项目。阈值见 参数 Params B11:B13。
A17: P(RL>=1) A 臂 | B17: =IFERROR(COUNTIFS('执行记录 Runs'!$C$3:$C$30,"A",'执行记录 Runs'!$E$3:$E$30,">=1")/B11,"") -> 0 | C17: =IFERROR(((B17+'参数 Params'!$B$10^2/(2*B11))-'参数 Params'!$B$10*SQRT((B17*(1-B17)+'参数 Params'!$B$10^2/(4*B11))/B11))/(1+'参数 Params'!$B$10^2/B11),"") -> 0 | D17: =IFERROR(((B17+'参数 Params'!$B$10^2/(2*B11))+'参数 Params'!$B$10*SQRT((B17*(1-B17)+'参数 Params'!$B$10^2/(4*B11))/B11))/(1+'参数 Params'!$B$10^2/B11),"") -> 0.16113013 | E17: =B11 -> 20 | G17: 决定整个执行平面是否值得建。低于 40% 就不该建。
A18: P(RL>=3) B 臂（人类天花板） | B18: =IFERROR(COUNTIFS('执行记录 Runs'!$C$3:$C$30,"B",'执行记录 Runs'!$E$3:$E$30,">=3")/D11,"") | C18: =IFERROR(((B18+'参数 Params'!$B$10^2/(2*D11))-'参数 Params'!$B$10*SQRT((B18*(1-B18)+'参数 Params'!$B$10^2/(4*D11))/D11))/(1+'参数 Params'!$B$10^2/D11),"") | D18: =IFERROR(((B18+'参数 Params'!$B$10^2/(2*D11))+'参数 Params'!$B$10*SQRT((B18*(1-B18)+'参数 Params'!$B$10^2/(4*D11))/D11))/(1+'参数 Params'!$B$10^2/D11),"") | E18: =D11 -> 0 | G18: 与 A 臂之差 = agent 工程差距。差距大说明该投工程，不是改架构。
A19: P(RL>=1) B 臂 | B19: =IFERROR(COUNTIFS('执行记录 Runs'!$C$3:$C$30,"B",'执行记录 Runs'!$E$3:$E$30,">=1")/D11,"") | C19: =IFERROR(((B19+'参数 Params'!$B$10^2/(2*D11))-'参数 Params'!$B$10*SQRT((B19*(1-B19)+'参数 Params'!$B$10^2/(4*D11))/D11))/(1+'参数 Params'!$B$10^2/D11),"") | D19: =IFERROR(((B19+'参数 Params'!$B$10^2/(2*D11))+'参数 Params'!$B$10*SQRT((B19*(1-B19)+'参数 Params'!$B$10^2/(4*D11))/D11))/(1+'参数 Params'!$B$10^2/D11),"") | E19: =D11 -> 0
A21: 耗时（分钟）
A22: A 臂中位耗时 | B22: =IFERROR(MEDIAN('执行记录 Runs'!$P$3:$P$30),"") -> 0.05
A23: A 臂时间盒用尽篇数 | B23: =COUNTIFS('执行记录 Runs'!$C$3:$C$30,"A",'执行记录 Runs'!$G$3:$G$30,"是") -> 0 | G23: 用尽时间盒的样本，其 RL 是下界而非真值 —— 报告时必须分开说。
A25: 决策（自动判定，规则在开跑前已冻结）
A26: 判定 | B26: =IF(B16="","填入数据后自动判定",IF(AND(ABS(B16-'参数 Params'!$B$11)<='参数 Params'!$B$14),"边界 — 不要硬判，追加 20 篇再决策",IF(B16>='参数 Params'!$B$11,"按现设计推进：CM_MEASURED 为主路径",IF(AND(B16>='参数 Params'!$B$12,B17>='参数 Params'!$B$13),"推进，但以 CM_REPORTED/RL1 为设计中心",IF(B17>='参数 Params'!$B$13,"执行平面保留，放弃「超越报告数值」为主要卖点，转向诊断/评测类贡献","停止建执行平面：ResearchForge 重定位为文献-创新-写作系统"))))) -> 停止建执行平面：ResearchForge 重定位为文献-创新-写作系统
A27: agent 差距（B 臂 − A 臂，P(RL>=3)） | B27: =IFERROR(B18-B16,"") | G27: 差距大 → 投入依赖求解/环境修复/日志诊断；差距小 → 问题在论文本身，靠降级路径。

Sheet 失败码 FailureCodes
A1: 失败码 | B1: A 臂出现次数 | C1: B 臂出现次数 | D1: A 臂占比 | E1: 工程含义
A2: NO_CODE | B2: =COUNTIFS('执行记录 Runs'!$C$3:$C$30,"A",'执行记录 Runs'!$K$3:$K$30,A2)+COUNTIFS('执行记录 Runs'!$C$3:$C$30,"A",'执行记录 Runs'!$L$3:$L$30,A2)+COUNTIFS('执行记录 Runs'!$C$3:$C$30,"A",'执行记录 Runs'!$M$3:$M$30,A2) -> 4 | C2: =COUNTIFS('执行记录 Runs'!$C$3:$C$30,"B",'执行记录 Runs'!$K$3:$K$30,A2)+COUNTIFS('执行记录 Runs'!$C$3:$C$30,"B",'执行记录 Runs'!$L$3:$L$30,A2)+COUNTIFS('执行记录 Runs'!$C$3:$C$30,"B",'执行记录 Runs'!$M$3:$M$30,A2) -> 0 | D2: =IFERROR(B2/SUM($B$2:$B$14),"") -> 0.2 | E2: 无代码可用 —— 只能靠降级路径，工程上无解
A3: DEPENDENCY_UNRESOLVABLE | B3: =COUNTIFS('执行记录 Runs'!$C$3:$C$30,"A",'执行记录 Runs'!$K$3:$K$30,A3)+COUNTIFS('执行记录 Runs'!$C$3:$C$30,"A",'执行记录 Runs'!$L$3:$L$30,A3)+COUNTIFS('执行记录 Runs'!$C$3:$C$30,"A",'执行记录 Runs'!$M$3:$M$30,A3) -> 9 | C3: =COUNTIFS('执行记录 Runs'!$C$3:$C$30,"B",'执行记录 Runs'!$K$3:$K$30,A3)+COUNTIFS('执行记录 Runs'!$C$3:$C$30,"B",'执行记录 Runs'!$L$3:$L$30,A3)+COUNTIFS('执行记录 Runs'!$C$3:$C$30,"B",'执行记录 Runs'!$M$3:$M$30,A3) -> 0 | D3: =IFERROR(B3/SUM($B$2:$B$14),"") -> 0.45 | E3: 可工程化：依赖求解器 + 历史版本镜像缓存
A4: HARDWARE_UNAVAILABLE | B4: =COUNTIFS('执行记录 Runs'!$C$3:$C$30,"A",'执行记录 Runs'!$K$3:$K$30,A4)+COUNTIFS('执行记录 Runs'!$C$3:$C$30,"A",'执行记录 Runs'!$L$3:$L$30,A4)+COUNTIFS('执行记录 Runs'!$C$3:$C$30,"A",'执行记录 Runs'!$M$3:$M$30,A4) -> 2 | C4: =COUNTIFS('执行记录 Runs'!$C$3:$C$30,"B",'执行记录 Runs'!$K$3:$K$30,A4)+COUNTIFS('执行记录 Runs'!$C$3:$C$30,"B",'执行记录 Runs'!$L$3:$L$30,A4)+COUNTIFS('执行记录 Runs'!$C$3:$C$30,"B",'执行记录 Runs'!$M$3:$M$30,A4) -> 0 | D4: =IFERROR(B4/SUM($B$2:$B$14),"") -> 0.1 | E4: 可工程化：租用策略 / 缩小设置自动降级
A5: DATA_UNAVAILABLE | B5: =COUNTIFS('执行记录 Runs'!$C$3:$C$30,"A",'执行记录 Runs'!$K$3:$K$30,A5)+COUNTIFS('执行记录 Runs'!$C$3:$C$30,"A",'执行记录 Runs'!$L$3:$L$30,A5)+COUNTIFS('执行记录 Runs'!$C$3:$C$30,"A",'执行记录 Runs'!$M$3:$M$30,A5) -> 1 | C5: =COUNTIFS('执行记录 Runs'!$C$3:$C$30,"B",'执行记录 Runs'!$K$3:$K$30,A5)+COUNTIFS('执行记录 Runs'!$C$3:$C$30,"B",'执行记录 Runs'!$L$3:$L$30,A5)+COUNTIFS('执行记录 Runs'!$C$3:$C$30,"B",'执行记录 Runs'!$M$3:$M$30,A5) -> 0 | D5: =IFERROR(B5/SUM($B$2:$B$14),"") -> 0.05 | E5: 部分可工程化：镜像源、社区副本
A6: DATA_ACCESS_GATED | B6: =COUNTIFS('执行记录 Runs'!$C$3:$C$30,"A",'执行记录 Runs'!$K$3:$K$30,A6)+COUNTIFS('执行记录 Runs'!$C$3:$C$30,"A",'执行记录 Runs'!$L$3:$L$30,A6)+COUNTIFS('执行记录 Runs'!$C$3:$C$30,"A",'执行记录 Runs'!$M$3:$M$30,A6) -> 0 | C6: =COUNTIFS('执行记录 Runs'!$C$3:$C$30,"B",'执行记录 Runs'!$K$3:$K$30,A6)+COUNTIFS('执行记录 Runs'!$C$3:$C$30,"B",'执行记录 Runs'!$L$3:$L$30,A6)+COUNTIFS('执行记录 Runs'!$C$3:$C$30,"B",'执行记录 Runs'!$M$3:$M$30,A6) -> 0 | D6: =IFERROR(B6/SUM($B$2:$B$14),"") -> 0 | E6: 流程问题：需要申请通道，不是代码问题
A7: CHECKPOINT_MISSING | B7: =COUNTIFS('执行记录 Runs'!$C$3:$C$30,"A",'执行记录 Runs'!$K$3:$K$30,A7)+COUNTIFS('执行记录 Runs'!$C$3:$C$30,"A",'执行记录 Runs'!$L$3:$L$30,A7)+COUNTIFS('执行记录 Runs'!$C$3:$C$30,"A",'执行记录 Runs'!$M$3:$M$30,A7) -> 0 | C7: =COUNTIFS('执行记录 Runs'!$C$3:$C$30,"B",'执行记录 Runs'!$K$3:$K$30,A7)+COUNTIFS('执行记录 Runs'!$C$3:$C$30,"B",'执行记录 Runs'!$L$3:$L$30,A7)+COUNTIFS('执行记录 Runs'!$C$3:$C$30,"B",'执行记录 Runs'!$M$3:$M$30,A7) -> 0 | D7: =IFERROR(B7/SUM($B$2:$B$14),"") -> 0 | E7: 可工程化：权重镜像发现 + 作者联系模板
A8: UNDOCUMENTED_PREPROCESSING | B8: =COUNTIFS('执行记录 Runs'!$C$3:$C$30,"A",'执行记录 Runs'!$K$3:$K$30,A8)+COUNTIFS('执行记录 Runs'!$C$3:$C$30,"A",'执行记录 Runs'!$L$3:$L$30,A8)+COUNTIFS('执行记录 Runs'!$C$3:$C$30,"A",'执行记录 Runs'!$M$3:$M$30,A8) -> 0 | C8: =COUNTIFS('执行记录 Runs'!$C$3:$C$30,"B",'执行记录 Runs'!$K$3:$K$30,A8)+COUNTIFS('执行记录 Runs'!$C$3:$C$30,"B",'执行记录 Runs'!$L$3:$L$30,A8)+COUNTIFS('执行记录 Runs'!$C$3:$C$30,"B",'执行记录 Runs'!$M$3:$M$30,A8) -> 0 | D8: =IFERROR(B8/SUM($B$2:$B$14),"") -> 0 | E8: 工程无解 —— 沙箱救不了，需要信息通道
A9: CONFIG_AMBIGUOUS | B9: =COUNTIFS('执行记录 Runs'!$C$3:$C$30,"A",'执行记录 Runs'!$K$3:$K$30,A9)+COUNTIFS('执行记录 Runs'!$C$3:$C$30,"A",'执行记录 Runs'!$L$3:$L$30,A9)+COUNTIFS('执行记录 Runs'!$C$3:$C$30,"A",'执行记录 Runs'!$M$3:$M$30,A9) -> 4 | C9: =COUNTIFS('执行记录 Runs'!$C$3:$C$30,"B",'执行记录 Runs'!$K$3:$K$30,A9)+COUNTIFS('执行记录 Runs'!$C$3:$C$30,"B",'执行记录 Runs'!$L$3:$L$30,A9)+COUNTIFS('执行记录 Runs'!$C$3:$C$30,"B",'执行记录 Runs'!$M$3:$M$30,A9) -> 0 | D9: =IFERROR(B9/SUM($B$2:$B$14),"") -> 0.2 | E9: 部分可工程化：配置搜索 + 敏感性分析
A10: NONDETERMINISM | B10: =COUNTIFS('执行记录 Runs'!$C$3:$C$30,"A",'执行记录 Runs'!$K$3:$K$30,A10)+COUNTIFS('执行记录 Runs'!$C$3:$C$30,"A",'执行记录 Runs'!$L$3:$L$30,A10)+COUNTIFS('执行记录 Runs'!$C$3:$C$30,"A",'执行记录 Runs'!$M$3:$M$30,A10) -> 0 | C10: =COUNTIFS('执行记录 Runs'!$C$3:$C$30,"B",'执行记录 Runs'!$K$3:$K$30,A10)+COUNTIFS('执行记录 Runs'!$C$3:$C$30,"B",'执行记录 Runs'!$L$3:$L$30,A10)+COUNTIFS('执行记录 Runs'!$C$3:$C$30,"B",'执行记录 Runs'!$M$3:$M$30,A10) -> 0 | D10: =IFERROR(B10/SUM($B$2:$B$14),"") -> 0 | E10: 不是失败：应由步骤 0 的方差探测吸收，若频繁出现说明容差定得太紧
A11: METRIC_DEFINITION_MISMATCH | B11: =COUNTIFS('执行记录 Runs'!$C$3:$C$30,"A",'执行记录 Runs'!$K$3:$K$30,A11)+COUNTIFS('执行记录 Runs'!$C$3:$C$30,"A",'执行记录 Runs'!$L$3:$L$30,A11)+COUNTIFS('执行记录 Runs'!$C$3:$C$30,"A",'执行记录 Runs'!$M$3:$M$30,A11) -> 0 | C11: =COUNTIFS('执行记录 Runs'!$C$3:$C$30,"B",'执行记录 Runs'!$K$3:$K$30,A11)+COUNTIFS('执行记录 Runs'!$C$3:$C$30,"B",'执行记录 Runs'!$L$3:$L$30,A11)+COUNTIFS('执行记录 Runs'!$C$3:$C$30,"B",'执行记录 Runs'!$M$3:$M$30,A11) -> 0 | D11: =IFERROR(B11/SUM($B$2:$B$14),"") -> 0 | E11: 高价值信号：指标定义歧义本身可以是一个研究方向
A12: NUMBERS_DIVERGE | B12: =COUNTIFS('执行记录 Runs'!$C$3:$C$30,"A",'执行记录 Runs'!$K$3:$K$30,A12)+COUNTIFS('执行记录 Runs'!$C$3:$C$30,"A",'执行记录 Runs'!$L$3:$L$30,A12)+COUNTIFS('执行记录 Runs'!$C$3:$C$30,"A",'执行记录 Runs'!$M$3:$M$30,A12) -> 0 | C12: =COUNTIFS('执行记录 Runs'!$C$3:$C$30,"B",'执行记录 Runs'!$K$3:$K$30,A12)+COUNTIFS('执行记录 Runs'!$C$3:$C$30,"B",'执行记录 Runs'!$L$3:$L$30,A12)+COUNTIFS('执行记录 Runs'!$C$3:$C$30,"B",'执行记录 Runs'!$M$3:$M$30,A12) -> 0 | D12: =IFERROR(B12/SUM($B$2:$B$14),"") -> 0 | E12: 核心信号：代码跑通但数字对不上，正是 RL1 与 RL3 之间的鸿沟
A13: TIMEBOX_EXCEEDED | B13: =COUNTIFS('执行记录 Runs'!$C$3:$C$30,"A",'执行记录 Runs'!$K$3:$K$30,A13)+COUNTIFS('执行记录 Runs'!$C$3:$C$30,"A",'执行记录 Runs'!$L$3:$L$30,A13)+COUNTIFS('执行记录 Runs'!$C$3:$C$30,"A",'执行记录 Runs'!$M$3:$M$30,A13) -> 0 | C13: =COUNTIFS('执行记录 Runs'!$C$3:$C$30,"B",'执行记录 Runs'!$K$3:$K$30,A13)+COUNTIFS('执行记录 Runs'!$C$3:$C$30,"B",'执行记录 Runs'!$L$3:$L$30,A13)+COUNTIFS('执行记录 Runs'!$C$3:$C$30,"B",'执行记录 Runs'!$M$3:$M$30,A13) -> 0 | D13: =IFERROR(B13/SUM($B$2:$B$14),"") -> 0 | E13: 调参信号：若占比高，说明时间盒设得太短，RL 分布被低估
A14: LICENSE_BLOCKED | B14: =COUNTIFS('执行记录 Runs'!$C$3:$C$30,"A",'执行记录 Runs'!$K$3:$K$30,A14)+COUNTIFS('执行记录 Runs'!$C$3:$C$30,"A",'执行记录 Runs'!$L$3:$L$30,A14)+COUNTIFS('执行记录 Runs'!$C$3:$C$30,"A",'执行记录 Runs'!$M$3:$M$30,A14) -> 0 | C14: =COUNTIFS('执行记录 Runs'!$C$3:$C$30,"B",'执行记录 Runs'!$K$3:$K$30,A14)+COUNTIFS('执行记录 Runs'!$C$3:$C$30,"B",'执行记录 Runs'!$L$3:$L$30,A14)+COUNTIFS('执行记录 Runs'!$C$3:$C$30,"B",'执行记录 Runs'!$M$3:$M$30,A14) -> 0 | D14: =IFERROR(B14/SUM($B$2:$B$14),"") -> 0 | E14: 法务问题，不是工程问题
A16: 合计 | B16: =SUM(B2:B14) -> 20 | C16: =SUM(C2:C14) -> 0
A18: 失败码分布比成功率更有工程价值 —— 它直接决定 Batch 04 该先建什么。
